file,type,dvfs_modes,energy_con,time_con,tot_time,num_evals,hv,pf_points
consumer-cords,normal,1,4427854.186478966,188517.10184378494,14.63048529624939,6155,391863040060.76904,11
consumer-cords,dpll,1,4427854.186478966,188517.10184378494,2788.0202553272247,6192,394157181108.9839,20
