file,type,dvfs_modes,energy_con,time_con,tot_time,num_evals,hv,pf_points
networking-mocsyn-asic,normal,1,84790.96030244329,64348.7114488283,15.645261287689209,6313,1196417117.081421,5
networking-mocsyn-asic,dpll,1,84790.96030244329,64348.7114488283,2902.899329185486,6178,1215949704.6597073,2
