file,type,dvfs_modes,energy_con,time_con,tot_time,num_evals,hv,pf_points
auto-indust-mocsyn,normal,1,128094.4092033685,5952.626839835318,25.03367042541504,6394,369861385.40206,15
auto-indust-mocsyn,dpll,1,128094.4092033685,5952.626839835318,3208.836207151413,6341,373449088.86867225,16
