file,type,dvfs_modes,energy_con,time_con,tot_time,num_evals,hv,pf_points
office-automation-cords,normal,1,224887.93176436977,10150.208997592466,10.148045063018799,6368,878021704.8114688,9
office-automation-cords,dpll,1,224887.93176436977,10150.208997592466,2559.9737017154694,6400,880321586.7820804,10
