file,type,dvfs_modes,energy_con,time_con,tot_time,num_evals,hv,pf_points
telecom-cords,normal,1,138454.70537469164,2358.3348705723574,26.36295223236084,6313,154209365.72368753,16
telecom-cords,dpll,1,138454.70537469164,2358.3348705723574,3431.075979948044,6231,157877581.7009354,12
