file,type,dvfs_modes,energy_con,time_con,tot_time,num_evals,hv,pf_points
office-automation-cords,normal,6,30585.772961196883,3328.228893754364,10.079308986663818,6381,9.999999998617568e-05,0
office-automation-cords,dpll,6,30585.772961196883,3328.228893754364,2807.9390029907227,6524,9.999999998617568e-05,0
