file,type,dvfs_modes,energy_con,time_con,tot_time,num_evals,hv,pf_points
auto-indust-mocsyn,normal,6,16646.253013009697,2091.3986646668923,25.717195749282837,6418,9.999999998617568e-05,0
auto-indust-mocsyn,dpll,6,16646.253013009697,2091.3986646668923,4036.8509018421173,6455,9.999999998617568e-05,0
