file,type,dvfs_modes,energy_con,time_con,tot_time,num_evals,hv,pf_points
telecom-cords,normal,6,21092.566311837294,1072.07193082607,27.62963104248047,6520,9.999999998390195e-05,0
telecom-cords,dpll,6,21092.566311837294,1072.07193082607,4312.682857275009,6405,9.999999998390195e-05,0
