file,type,dvfs_modes,energy_con,time_con,tot_time,num_evals,hv,pf_points
consumer-cords,normal,6,604498.9940067149,93178.26538688365,16.52281928062439,6365,0.00010000000004074537,0
consumer-cords,dpll,6,604498.9940067149,93178.26538688365,3266.5988943576813,6344,0.00010000000004074537,0
