file,type,dvfs_modes,energy_con,time_con,tot_time,num_evals,hv,pf_points
networking-mocsyn-asic,normal,6,4562.463437040479,84782.54959532214,16.845768213272095,6189,9.999999994979589e-05,0
networking-mocsyn-asic,dpll,6,4562.463437040479,84782.54959532214,3234.703464984894,6083,9.999999994979589e-05,0
