file,type,dvfs_modes,energy_con,time_con,tot_time,num_evals,hv,pf_points
office-automation-cords,normal,5,35851.11724229917,8164.338748996862,9.267771244049072,6330,0.00010000000002255546,0
office-automation-cords,dpll,5,35851.11724229917,8164.338748996862,2718.5422372817993,6397,0.00010000000002255546,0
