file,type,dvfs_modes,energy_con,time_con,tot_time,num_evals,hv,pf_points
telecom-cords,normal,5,22726.894533169878,980.5069743125293,34.16961908340454,6324,9.999999998390195e-05,0
telecom-cords,dpll,5,22726.894533169878,980.5069743125293,4262.647904157639,6364,9.999999998390195e-05,0
