file,type,dvfs_modes,energy_con,time_con,tot_time,num_evals,hv,pf_points
networking-mocsyn-asic,normal,5,16496.799959525484,84480.67151791535,13.886682033538818,6377,9.9999999931606e-05,0
networking-mocsyn-asic,dpll,5,16496.799959525484,84480.67151791535,3144.7935860157013,6120,9.9999999931606e-05,0
