file,type,dvfs_modes,energy_con,time_con,tot_time,num_evals,hv,pf_points
auto-indust-mocsyn,normal,5,20611.216601831467,2682.8800475705048,26.176985502243042,6305,9.999999998617568e-05,0
auto-indust-mocsyn,dpll,5,20611.216601831467,2682.8800475705048,3337.4501769542694,6399,9.999999998617568e-05,0
