file,type,dvfs_modes,energy_con,time_con,tot_time,num_evals,hv,pf_points
consumer-cords,normal,5,711625.9628310757,89089.37495993124,14.167076110839844,6222,0.00010000000004074537,0
consumer-cords,dpll,5,711625.9628310757,89089.37495993124,3111.4089648723602,6222,0.00010000000004074537,0
