file,type,dvfs_modes,energy_con,time_con,tot_time,num_evals,hv,pf_points
consumer-cords,normal,5,1067438.9442466134,133634.06243989686,14.00135350227356,6222,0.00010000000018626452,0
consumer-cords,dpll,5,1067438.9442466134,133634.06243989686,3137.05877327919,6222,0.00010000000018626452,0
