file,type,dvfs_modes,energy_con,time_con,tot_time,num_evals,hv,pf_points
networking-mocsyn-asic,normal,5,24745.199939288228,126721.00727687303,13.93735408782959,6377,49272475.02989654,1
networking-mocsyn-asic,dpll,5,24745.199939288228,126721.00727687303,3159.3294768333435,6120,9.9999999931606e-05,0
