file,type,dvfs_modes,energy_con,time_con,tot_time,num_evals,hv,pf_points
office-automation-cords,normal,5,53776.67586344876,12246.508123495292,9.20730996131897,6330,33692732.92274071,2
office-automation-cords,dpll,5,53776.67586344876,12246.508123495292,2745.531317949295,6397,42949241.82132706,2
