file,type,dvfs_modes,energy_con,time_con,tot_time,num_evals,hv,pf_points
auto-indust-mocsyn,normal,5,16679.778818576702,1946.271699194697,25.549225330352783,6291,9.999999998390195e-05,0
auto-indust-mocsyn,dpll,5,16679.778818576702,1946.271699194697,3969.698691368103,6376,9.999999998390195e-05,0
