file,type,dvfs_modes,energy_con,time_con,tot_time,num_evals,hv,pf_points
networking-mocsyn-asic,normal,5,4178.162231131352,84851.01344195339,15.907078266143799,6305,9.999999994979589e-05,0
networking-mocsyn-asic,dpll,5,4178.162231131352,84851.01344195339,3271.829489469528,6217,9.999999994979589e-05,0
