file,type,dvfs_modes,energy_con,time_con,tot_time,num_evals,hv,pf_points
consumer-cords,normal,5,601867.0199978389,119008.30838251625,16.52985692024231,6279,0.00010000000004074537,0
consumer-cords,dpll,5,601867.0199978389,119008.30838251625,3223.941655397415,6276,0.00010000000004074537,0
