file,type,dvfs_modes,energy_con,time_con,tot_time,num_evals,hv,pf_points
telecom-cords,normal,5,21603.19815343378,1367.2014506533792,28.554750680923462,6463,9.999999998390195e-05,0
telecom-cords,dpll,5,21603.19815343378,1367.2014506533792,4279.864508390427,6431,9.999999998390195e-05,0
