file,type,dvfs_modes,energy_con,time_con,tot_time,num_evals,hv,pf_points
office-automation-cords,normal,5,30585.772961196883,7263.148893754364,10.02961778640747,6371,9.999999998617568e-05,0
office-automation-cords,dpll,5,30585.772961196883,7263.148893754364,2733.113788843155,6320,9.999999998617568e-05,0
