file,type,dvfs_modes,energy_con,time_con,tot_time,num_evals,hv,pf_points
office-automation-cords,normal,6,45316.204,6400.24,9.876092672348022,6288,0.00010000000002255546,0
office-automation-cords,dpll,6,45316.204,6400.24,2565.099775314331,6321,0.00010000000002255546,0
