file,type,dvfs_modes,energy_con,time_con,tot_time,num_evals,hv,pf_points
auto-indust-mocsyn,normal,6,25914.318816000006,3360.037115384615,25.315589427947998,6212,9.999999998617568e-05,0
auto-indust-mocsyn,dpll,6,25914.318816000006,3360.037115384615,3559.0134382247925,6193,9.999999998617568e-05,0
