file,type,dvfs_modes,energy_con,time_con,tot_time,num_evals,hv,pf_points
telecom-cords,normal,6,32730.630400000013,1268.9545454545455,29.69778823852539,6428,9.999999998390195e-05,0
telecom-cords,dpll,6,32730.630400000013,1268.9545454545455,3754.1004617214203,6138,9.999999998390195e-05,0
