file,type,dvfs_modes,energy_con,time_con,tot_time,num_evals,hv,pf_points
consumer-cords,normal,6,892452.8,106025.168,16.051236867904663,6193,0.00010000000004074537,0
consumer-cords,dpll,6,892452.8,106025.168,2987.0320613384247,6262,0.00010000000004074537,0
