file,type,dvfs_modes,energy_con,time_con,tot_time,num_evals,hv,pf_points
telecom-cords,normal,6,22646.42978353577,1104.1058692808767,29.454975843429565,6389,9.999999998390195e-05,0
telecom-cords,dpll,6,22646.42978353577,1104.1058692808767,4168.0761687755585,6364,9.999999998390195e-05,0
