file,type,dvfs_modes,energy_con,time_con,tot_time,num_evals,hv,pf_points
networking-mocsyn-asic,normal,6,-385.11443890238024,85444.5386538493,16.743340969085693,6304,9.999999994752215e-05,0
networking-mocsyn-asic,dpll,6,-385.11443890238024,85444.5386538493,3215.9129614830017,6217,9.999999994752215e-05,0
