file,type,dvfs_modes,energy_con,time_con,tot_time,num_evals,hv,pf_points
office-automation-cords,normal,6,35481.357242299164,6777.460008590139,10.330060482025146,6233,0.00010000000002255546,0
office-automation-cords,dpll,6,35481.357242299164,6777.460008590139,2677.178455591202,6356,0.00010000000002255546,0
