file,type,dvfs_modes,energy_con,time_con,tot_time,num_evals,hv,pf_points
auto-indust-mocsyn,normal,6,20573.25105243495,2574.5416445750575,26.552886962890625,6479,9.999999998617568e-05,0
auto-indust-mocsyn,dpll,6,20573.25105243495,2574.5416445750575,3813.058295726776,6292,9.999999998617568e-05,0
