file,type,dvfs_modes,energy_con,time_con,tot_time,num_evals,hv,pf_points
consumer-cords,normal,6,706803.9578180708,102281.36578035989,16.72208571434021,6373,0.00010000000004074537,0
consumer-cords,dpll,6,706803.9578180708,102281.36578035989,3146.476835489273,6284,0.00010000000004074537,0
