file,type,dvfs_modes,energy_con,time_con,tot_time,num_evals,hv,pf_points
networking-mocsyn-asic,normal,1,182044.098048,132849.36000000002,14.748546361923218,6298,12848493156.944315,4
networking-mocsyn-asic,dpll,1,182044.098048,132849.36000000002,2776.709799528122,6252,13266131240.772573,3
