file,type,dvfs_modes,energy_con,time_con,tot_time,num_evals,hv,pf_points
auto-indust-mocsyn,normal,1,241613.92200000008,15437.291999999998,24.709419012069702,6418,2584224557.014992,18
auto-indust-mocsyn,dpll,1,241613.92200000008,15437.291999999998,2905.139480829239,6167,2586403933.319756,16
