file,type,dvfs_modes,energy_con,time_con,tot_time,num_evals,hv,pf_points
office-automation-cords,normal,1,423618.78599999996,27720.36,9.577616930007935,6088,7930470527.802926,21
office-automation-cords,dpll,1,423618.78599999996,27720.36,2358.912650823593,6381,7455193453.934627,12
