file,type,dvfs_modes,energy_con,time_con,tot_time,num_evals,hv,pf_points
consumer-cords,normal,1,8343732.0,414120.24000000005,16.07927632331848,6224,2302784110897.7046,24
consumer-cords,dpll,1,8343732.0,414120.24000000005,2726.196445465088,6275,2319704316518.6284,15
