file,type,dvfs_modes,energy_con,time_con,tot_time,num_evals,hv,pf_points
telecom-cords,normal,1,297845.136,4407.36,37.111568450927734,6313,873395234.5796177,23
telecom-cords,dpll,1,297845.136,4407.36,3451.1699557304382,6295,873607583.1933761,18
