file,type,dvfs_modes,energy_con,time_con,tot_time,num_evals,hv,pf_points
auto-indust-mocsyn,normal,1,161075.94800000006,7718.645999999999,25.390425205230713,6418,617927867.9840082,26
auto-indust-mocsyn,dpll,1,161075.94800000006,7718.645999999999,2975.694433450699,6167,613342727.2373823,22
