file,type,dvfs_modes,energy_con,time_con,tot_time,num_evals,hv,pf_points
office-automation-cords,normal,1,282412.524,13860.18,9.720049142837524,6088,1608765677.0981197,11
office-automation-cords,dpll,1,282412.524,13860.18,2445.3618388175964,6381,1804162493.7759776,15
