file,type,dvfs_modes,energy_con,time_con,tot_time,num_evals,hv,pf_points
consumer-cords,normal,1,5562488.0,207060.12000000002,16.203237533569336,6224,525296956294.5081,20
consumer-cords,dpll,1,5562488.0,207060.12000000002,2663.4516611099243,6275,510433925215.71826,13
