file,type,dvfs_modes,energy_con,time_con,tot_time,num_evals,hv,pf_points
auto-indust-mocsyn,normal,3,20553.429114484945,1998.8509131020023,21.780776977539062,6245,9.999999998390195e-05,0
auto-indust-mocsyn,dpll,3,20553.429114484945,1998.8509131020023,3747.451350212097,6284,9.999999998390195e-05,0
