file,type,dvfs_modes,energy_con,time_con,tot_time,num_evals,hv,pf_points
office-automation-cords,normal,3,35481.357242299164,3172.0640617476465,8.914316892623901,6250,0.00010000000002255546,0
office-automation-cords,dpll,3,35481.357242299164,3172.0640617476465,2677.594981431961,6287,0.00010000000002255546,0
