file,type,dvfs_modes,energy_con,time_con,tot_time,num_evals,hv,pf_points
telecom-cords,normal,3,22550.881848135472,761.1459779963989,23.21943473815918,6379,9.999999998390195e-05,0
telecom-cords,dpll,3,22550.881848135472,761.1459779963989,4018.9813952445984,6335,9.999999998390195e-05,0
