file,type,dvfs_modes,energy_con,time_con,tot_time,num_evals,hv,pf_points
networking-mocsyn-asic,normal,3,-1818.7144389023824,35879.697178733084,15.328157424926758,6315,0.00010000000002028173,0
networking-mocsyn-asic,dpll,3,-1818.7144389023824,35879.697178733084,3152.8654606342316,6111,0.00010000000002028173,0
