file,type,dvfs_modes,energy_con,time_con,tot_time,num_evals,hv,pf_points
consumer-cords,normal,3,711235.120158764,87558.76637165454,13.535887718200684,6292,0.00010000000004074537,0
consumer-cords,dpll,3,711235.120158764,87558.76637165454,3209.41463637352,6410,0.00010000000004074537,0
