file,type,dvfs_modes,energy_con,time_con,tot_time,num_evals,hv,pf_points
telecom-cords,normal,3,32473.64800000001,814.0035000000001,22.75791621208191,6448,9.999999998390195e-05,0
telecom-cords,dpll,3,32473.64800000001,814.0035000000001,3720.9559502601624,6255,9.999999998390195e-05,0
