file,type,dvfs_modes,energy_con,time_con,tot_time,num_evals,hv,pf_points
networking-mocsyn-asic,normal,3,9106.194431999997,67124.05500000001,14.807010889053345,6250,9.999999994979589e-05,0
networking-mocsyn-asic,dpll,3,9106.194431999997,67124.05500000001,2956.6287970542908,6078,9.999999994979589e-05,0
