file,type,dvfs_modes,energy_con,time_con,tot_time,num_evals,hv,pf_points
office-automation-cords,normal,3,45093.164000000004,4800.18,8.128816604614258,6202,0.00010000000002255546,0
office-automation-cords,dpll,3,45093.164000000004,4800.18,2580.5460438728333,6285,0.00010000000002255546,0
