file,type,dvfs_modes,energy_con,time_con,tot_time,num_evals,hv,pf_points
consumer-cords,normal,3,894722.24,98039.71533333333,13.531415700912476,6213,0.00010000000004074537,0
consumer-cords,dpll,3,894722.24,98039.71533333333,2968.1592984199524,6204,0.00010000000004074537,0
