file,type,dvfs_modes,energy_con,time_con,tot_time,num_evals,hv,pf_points
auto-indust-mocsyn,normal,3,25821.772000000008,2518.6143749999997,22.018892288208008,6188,9.999999998617568e-05,0
auto-indust-mocsyn,dpll,3,25821.772000000008,2518.6143749999997,3543.68213224411,6285,9.999999998617568e-05,0
