file,type,dvfs_modes,energy_con,time_con,tot_time,num_evals,hv,pf_points
consumer-cords,normal,1,3776759.4855621434,137495.331637096,14.818540573120117,6366,206405557414.8146,8
consumer-cords,dpll,1,3776759.4855621434,137495.331637096,2978.100445508957,6357,230268354345.84848,8
