file,type,dvfs_modes,energy_con,time_con,tot_time,num_evals,hv,pf_points
telecom-cords,normal,1,126554.41050435611,2415.318624327708,25.36331796646118,6356,136565590.4849263,5
telecom-cords,dpll,1,126554.41050435611,2415.318624327708,3552.623594522476,6224,142195149.20616642,10
