file,type,dvfs_modes,energy_con,time_con,tot_time,num_evals,hv,pf_points
auto-indust-mocsyn,normal,1,103227.22683678771,4430.141731275572,26.17763090133667,6359,226143081.57970494,15
auto-indust-mocsyn,dpll,1,103227.22683678771,4430.141731275572,3279.224967479706,6321,225471979.00119323,19
