file,type,dvfs_modes,energy_con,time_con,tot_time,num_evals,hv,pf_points
networking-mocsyn-asic,normal,1,57867.93553032991,64567.72127345405,15.993226528167725,6419,570467335.5131127,5
networking-mocsyn-asic,dpll,1,57867.93553032991,64567.72127345405,2986.508620262146,6234,413393756.5159103,4
