file,type,dvfs_modes,energy_con,time_con,tot_time,num_evals,hv,pf_points
office-automation-cords,normal,1,190347.33000748054,11238.543345010474,10.131314992904663,6155,951474814.4191777,13
office-automation-cords,dpll,1,190347.33000748054,11238.543345010474,2557.2909944057465,6293,949788478.751561,14
